dataset,algorithm,n,repetitions,avg_us,median_us,avg_char_comparisons,avg_char_inspections
random,standard_quicksort,100,7,248.800,245.400,13426.000,26852.000
random,standard_mergesort,100,7,61.386,58.200,604.000,1208.000
random,ternary_string_quicksort,100,7,48.000,41.800,715.000,801.000
random,lcp_string_mergesort,100,7,641.757,623.400,515.000,1030.000
random,msd_radix_sort,100,7,189.857,140.400,0.000,348.000
random,msd_radix_sort_with_switch,100,7,25.671,22.100,59.000,301.000
random,standard_quicksort,200,7,607.714,574.400,27007.000,54014.000
random,standard_mergesort,200,7,316.671,172.300,1495.000,2990.000
random,ternary_string_quicksort,200,7,114.586,101.200,1402.000,1570.000
random,lcp_string_mergesort,200,7,1958.357,1848.600,1177.000,2354.000
random,msd_radix_sort,200,7,701.843,404.500,0.000,778.000
random,msd_radix_sort_with_switch,200,7,88.171,85.900,202.000,707.000
random,standard_quicksort,300,7,1347.714,1319.000,42674.000,85348.000
random,standard_mergesort,300,7,265.843,264.100,2523.000,5046.000
random,ternary_string_quicksort,300,7,189.329,167.700,2519.000,2769.000
random,lcp_string_mergesort,300,7,3284.300,2138.200,1924.000,3848.000
random,msd_radix_sort,300,7,445.943,405.700,0.000,1198.000
random,msd_radix_sort_with_switch,300,7,249.000,121.600,438.000,1210.000
random,standard_quicksort,400,7,1744.714,1591.100,57210.000,114420.000
random,standard_mergesort,400,7,394.514,421.400,3648.000,7296.000
random,ternary_string_quicksort,400,7,314.071,320.100,3068.000,3387.000
random,lcp_string_mergesort,400,7,4521.157,3115.400,2684.000,5368.000
random,msd_radix_sort,400,7,815.443,534.000,0.000,1634.000
random,msd_radix_sort_with_switch,400,7,122.400,118.200,670.000,1715.000
random,standard_quicksort,500,7,5059.214,3792.600,70291.000,140582.000
random,standard_mergesort,500,7,1064.757,601.100,4847.000,9694.000
random,ternary_string_quicksort,500,7,824.457,333.200,4459.000,4853.000
random,lcp_string_mergesort,500,7,5989.714,5294.100,3516.000,7032.000
random,msd_radix_sort,500,7,1270.343,1084.200,0.000,2074.000
random,msd_radix_sort_with_switch,500,7,497.414,369.400,975.000,2300.000
random,standard_quicksort,600,7,3590.857,2501.900,86946.000,173892.000
random,standard_mergesort,600,7,674.700,505.200,6087.000,12174.000
random,ternary_string_quicksort,600,7,455.100,429.300,6019.000,6487.000
random,lcp_string_mergesort,600,7,6168.814,6459.700,4331.000,8662.000
random,msd_radix_sort,600,7,780.986,714.300,0.000,2508.000
random,msd_radix_sort_with_switch,600,7,287.886,273.600,1313.000,2906.000
random,standard_quicksort,700,7,6581.614,6048.000,104799.000,209598.000
random,standard_mergesort,700,7,1028.771,919.800,7434.000,14868.000
random,ternary_string_quicksort,700,7,581.857,581.900,6563.000,7106.000
random,lcp_string_mergesort,700,7,8297.043,8338.500,5213.000,10426.000
random,msd_radix_sort,700,7,1839.200,1865.300,0.000,2948.000
random,msd_radix_sort_with_switch,700,7,275.457,244.400,1695.000,3554.000
random,standard_quicksort,800,7,4455.386,3698.800,117726.000,235452.000
random,standard_mergesort,800,7,739.543,682.000,8810.000,17620.000
random,ternary_string_quicksort,800,7,430.986,431.800,7915.000,8521.000
random,lcp_string_mergesort,800,7,8443.786,8367.300,6130.000,12260.000
random,msd_radix_sort,800,7,980.143,924.500,0.000,3398.000
random,msd_radix_sort_with_switch,800,7,351.829,269.300,2106.000,4242.000
random,standard_quicksort,900,7,5522.929,4759.900,130970.000,261940.000
random,standard_mergesort,900,7,998.457,941.800,10186.000,20372.000
random,ternary_string_quicksort,900,7,641.814,619.800,9654.000,10341.000
random,lcp_string_mergesort,900,7,7853.157,7029.900,7007.000,14014.000
random,msd_radix_sort,900,7,1519.043,1057.600,0.000,3852.000
random,msd_radix_sort_with_switch,900,7,480.100,411.300,2522.000,4926.000
random,standard_quicksort,1000,7,4407.243,4194.100,145486.000,290972.000
random,standard_mergesort,1000,7,1622.243,1291.500,11575.000,23150.000
random,ternary_string_quicksort,1000,7,622.171,620.200,9926.000,10676.000
random,lcp_string_mergesort,1000,7,9142.886,8436.400,7933.000,15866.000
random,msd_radix_sort,1000,7,1585.886,1374.300,0.000,4302.000
random,msd_radix_sort_with_switch,1000,7,833.271,812.200,2956.000,5643.000
random,standard_quicksort,1100,7,4073.171,3947.700,170158.000,340316.000
random,standard_mergesort,1100,7,1600.557,1546.700,12993.000,25986.000
random,ternary_string_quicksort,1100,7,736.314,589.700,10796.000,11621.000
random,lcp_string_mergesort,1100,7,7815.214,7791.000,8792.000,17584.000
random,msd_radix_sort,1100,7,1796.343,1672.400,0.000,4768.000
random,msd_radix_sort_with_switch,1100,7,832.386,800.600,3412.000,6375.000
random,standard_quicksort,1200,7,6483.014,5820.700,183738.000,367476.000
random,standard_mergesort,1200,7,1743.571,1481.400,14514.000,29028.000
random,ternary_string_quicksort,1200,7,606.386,516.300,11191.000,12089.000
random,lcp_string_mergesort,1200,7,11561.657,11527.300,9757.000,19514.000
random,msd_radix_sort,1200,7,4192.800,3317.300,0.000,5226.000
random,msd_radix_sort_with_switch,1200,7,1921.329,846.000,3802.000,7042.000
random,standard_quicksort,1300,7,9156.543,9278.900,198952.000,397904.000
random,standard_mergesort,1300,7,2832.457,2768.700,16084.000,32168.000
random,ternary_string_quicksort,1300,7,1256.071,1167.400,12699.000,13683.000
random,lcp_string_mergesort,1300,7,13468.429,12023.000,10749.000,21498.000
random,msd_radix_sort,1300,7,3433.929,2402.600,0.000,5712.000
random,msd_radix_sort_with_switch,1300,7,1190.871,939.900,4207.000,7719.000
random,standard_quicksort,1400,7,6118.257,6122.600,212974.000,425948.000
random,standard_mergesort,1400,7,1762.443,1739.400,17593.000,35186.000
random,ternary_string_quicksort,1400,7,838.243,730.600,13405.000,14452.000
random,lcp_string_mergesort,1400,7,11032.486,10966.500,11691.000,23382.000
random,msd_radix_sort,1400,7,1747.714,1535.100,0.000,6174.000
random,msd_radix_sort_with_switch,1400,7,1280.129,954.100,4778.000,8559.000
random,standard_quicksort,1500,7,8454.843,8051.000,228558.000,457116.000
random,standard_mergesort,1500,7,7774.457,1874.500,19107.000,38214.000
random,ternary_string_quicksort,1500,7,1683.529,1008.500,16049.000,17186.000
random,lcp_string_mergesort,1500,7,18607.500,17871.900,12646.000,25292.000
random,msd_radix_sort,1500,7,3204.343,3276.100,0.000,6660.000
random,msd_radix_sort_with_switch,1500,7,890.343,835.900,5242.000,9301.000
random,standard_quicksort,1600,7,8755.600,8378.800,248791.000,497582.000
random,standard_mergesort,1600,7,2623.500,2616.700,20699.000,41398.000
random,ternary_string_quicksort,1600,7,929.643,899.700,16600.000,17796.000
random,lcp_string_mergesort,1600,7,26172.243,25914.300,13646.000,27292.000
random,msd_radix_sort,1600,7,3941.757,3333.200,0.000,7132.000
random,msd_radix_sort_with_switch,1600,7,1649.514,1544.500,5860.000,10201.000
random,standard_quicksort,1700,7,10188.214,9447.400,255886.000,511772.000
random,standard_mergesort,1700,7,4364.900,3368.800,22252.000,44504.000
random,ternary_string_quicksort,1700,7,1755.429,1505.400,19867.000,21139.000
random,lcp_string_mergesort,1700,7,45158.786,43847.900,14576.000,29152.000
random,msd_radix_sort,1700,7,3079.786,2995.300,0.000,7610.000
random,msd_radix_sort_with_switch,1700,7,1108.929,1028.400,6193.000,10800.000
random,standard_quicksort,1800,7,6918.957,6057.100,273849.000,547698.000
random,standard_mergesort,1800,7,2738.286,2321.200,23900.000,47800.000
random,ternary_string_quicksort,1800,7,1399.529,1545.100,19388.000,20753.000
random,lcp_string_mergesort,1800,7,43260.014,42759.700,15615.000,31230.000
random,msd_radix_sort,1800,7,3019.614,2799.600,0.000,8106.000
random,msd_radix_sort_with_switch,1800,7,1010.800,1051.000,6792.000,11677.000
random,standard_quicksort,1900,7,7651.600,7283.600,291617.000,583234.000
random,standard_mergesort,1900,7,2415.686,2178.800,25495.000,50990.000
random,ternary_string_quicksort,1900,7,1130.657,967.000,19884.000,21342.000
random,lcp_string_mergesort,1900,7,52002.043,51817.400,16568.000,33136.000
random,msd_radix_sort,1900,7,2930.386,2772.400,0.000,8626.000
random,msd_radix_sort_with_switch,1900,7,1158.186,1104.500,7597.000,12776.000
random,standard_quicksort,2000,7,9813.871,9243.800,307598.000,615196.000
random,standard_mergesort,2000,7,2399.986,2056.900,27182.000,54364.000
random,ternary_string_quicksort,2000,7,1256.971,1057.100,23858.000,25404.000
random,lcp_string_mergesort,2000,7,58420.814,58026.800,17667.000,35334.000
random,msd_radix_sort,2000,7,4818.971,4505.800,0.000,9138.000
random,msd_radix_sort_with_switch,2000,7,1239.800,1165.800,8191.000,13648.000
random,standard_quicksort,2100,7,16270.043,15330.300,324907.000,649814.000
random,standard_mergesort,2100,7,2460.700,2448.200,28865.000,57730.000
random,ternary_string_quicksort,2100,7,1189.486,1001.900,21684.000,23296.000
random,lcp_string_mergesort,2100,7,67235.900,66431.200,18641.000,37282.000
random,msd_radix_sort,2100,7,7460.843,7052.700,0.000,9662.000
random,msd_radix_sort_with_switch,2100,7,1550.443,1301.400,8673.000,14392.000
random,standard_quicksort,2200,7,15051.843,14855.400,345951.000,691902.000
random,standard_mergesort,2200,7,2928.343,2514.700,30484.000,60968.000
random,ternary_string_quicksort,2200,7,1713.314,1320.600,24401.000,26085.000
random,lcp_string_mergesort,2200,7,74213.843,71808.400,19573.000,39146.000
random,msd_radix_sort,2200,7,8932.114,10200.300,0.000,10190.000
random,msd_radix_sort_with_switch,2200,7,1261.100,1242.700,9570.000,15579.000
random,standard_quicksort,2300,7,25530.771,25352.900,364584.000,729168.000
random,standard_mergesort,2300,7,3214.543,2734.100,32258.000,64516.000
random,ternary_string_quicksort,2300,7,1329.229,1330.300,27500.000,29273.000
random,lcp_string_mergesort,2300,7,85053.814,86091.200,20698.000,41396.000
random,msd_radix_sort,2300,7,11349.886,10947.400,0.000,10722.000
random,msd_radix_sort_with_switch,2300,7,1228.443,1167.400,9665.000,15961.000
random,standard_quicksort,2400,7,898594.971,897479.200,373741.000,747482.000
random,standard_mergesort,2400,7,2692.257,2542.400,33948.000,67896.000
random,ternary_string_quicksort,2400,7,1381.686,1314.600,26522.000,28380.000
random,lcp_string_mergesort,2400,7,93061.814,91892.800,21664.000,43328.000
random,msd_radix_sort,2400,7,356653.957,356871.700,0.000,11262.000
random,msd_radix_sort_with_switch,2400,7,1952.043,1919.200,10353.000,16932.000
random,standard_quicksort,2500,7,927308.714,878549.700,395945.000,791890.000
random,standard_mergesort,2500,7,2733.043,2633.700,35707.000,71414.000
random,ternary_string_quicksort,2500,7,2009.900,1622.600,28477.000,30413.000
random,lcp_string_mergesort,2500,7,90942.086,90285.800,22754.000,45508.000
random,msd_radix_sort,2500,7,405639.486,368306.100,0.000,11804.000
random,msd_radix_sort_with_switch,2500,7,2555.257,2324.500,10937.000,17793.000
random,standard_quicksort,2600,7,918291.914,890084.300,402671.000,805342.000
random,standard_mergesort,2600,7,3437.900,3238.000,37507.000,75014.000
random,ternary_string_quicksort,2600,7,2313.629,2680.400,28850.000,30872.000
random,lcp_string_mergesort,2600,7,107380.171,96017.600,23799.000,47598.000
random,msd_radix_sort,2600,7,365996.029,360893.300,0.000,12344.000
random,msd_radix_sort_with_switch,2600,7,3039.343,2103.100,11489.000,18626.000
random,standard_quicksort,2700,7,947321.943,941317.600,428558.000,857116.000
random,standard_mergesort,2700,7,4522.714,5243.400,39246.000,78492.000
random,ternary_string_quicksort,2700,7,2140.829,1874.700,33855.000,35943.000
random,lcp_string_mergesort,2700,7,84213.600,85117.100,24881.000,49762.000
random,msd_radix_sort,2700,7,343321.743,338033.400,0.000,12870.000
random,msd_radix_sort_with_switch,2700,7,1926.714,1847.200,12061.000,19495.000
random,standard_quicksort,2800,7,863027.614,859050.000,436883.000,873766.000
random,standard_mergesort,2800,7,3607.129,3185.800,40961.000,81922.000
random,ternary_string_quicksort,2800,7,1966.914,1721.000,30129.000,32291.000
random,lcp_string_mergesort,2800,7,101110.543,80821.100,25835.000,51670.000
random,msd_radix_sort,2800,7,348400.757,339127.500,0.000,13414.000
random,msd_radix_sort_with_switch,2800,7,2180.014,1835.300,12853.000,20561.000
random,standard_quicksort,2900,7,794351.800,785182.900,450748.000,901496.000
random,standard_mergesort,2900,7,4319.014,3398.200,42708.000,85416.000
random,ternary_string_quicksort,2900,7,2009.029,1904.500,33712.000,35973.000
random,lcp_string_mergesort,2900,7,92704.000,87343.300,26922.000,53844.000
random,msd_radix_sort,2900,7,343464.143,335556.200,0.000,13960.000
random,msd_radix_sort_with_switch,2900,7,2013.629,2038.800,13179.000,21171.000
random,standard_quicksort,3000,7,783992.500,773652.600,478584.000,957168.000
random,standard_mergesort,3000,7,3424.757,3057.100,44467.000,88934.000
random,ternary_string_quicksort,3000,7,2004.214,1643.400,34858.000,37224.000
random,lcp_string_mergesort,3000,7,94725.400,96188.000,27939.000,55878.000
random,msd_radix_sort,3000,7,330412.429,336215.100,0.000,14484.000
random,msd_radix_sort_with_switch,3000,7,1982.657,1796.200,13902.000,22182.000
reversed,standard_quicksort,100,7,189.129,187.000,13416.000,26832.000
reversed,standard_mergesort,100,7,75.200,53.200,683.000,1366.000
reversed,ternary_string_quicksort,100,7,28.643,26.500,561.000,639.000
reversed,lcp_string_mergesort,100,7,667.529,669.700,371.000,742.000
reversed,msd_radix_sort,100,7,125.200,118.800,0.000,496.000
reversed,msd_radix_sort_with_switch,100,7,94.714,57.500,349.000,622.000
reversed,standard_quicksort,200,7,521.057,434.500,27732.000,55464.000
reversed,standard_mergesort,200,7,164.029,100.700,1494.000,2988.000
reversed,ternary_string_quicksort,200,7,57.843,55.000,1229.000,1383.000
reversed,lcp_string_mergesort,200,7,1028.414,847.500,771.000,1542.000
reversed,msd_radix_sort,200,7,323.771,250.500,0.000,994.000
reversed,msd_radix_sort_with_switch,200,7,76.757,68.800,730.000,1280.000
reversed,standard_quicksort,300,7,1433.200,709.700,41930.000,83860.000
reversed,standard_mergesort,300,7,147.200,146.100,2297.000,4594.000
reversed,ternary_string_quicksort,300,7,102.943,86.000,1976.000,2203.000
reversed,lcp_string_mergesort,300,7,1569.929,1467.300,1156.000,2312.000
reversed,msd_radix_sort,300,7,552.371,555.400,0.000,1456.000
reversed,msd_radix_sort_with_switch,300,7,129.943,119.000,1073.000,1891.000
reversed,standard_quicksort,400,7,982.071,980.000,57471.000,114942.000
reversed,standard_mergesort,400,7,266.186,236.400,3144.000,6288.000
reversed,ternary_string_quicksort,400,7,154.929,146.800,2797.000,3104.000
reversed,lcp_string_mergesort,400,7,2849.086,1771.600,1564.000,3128.000
reversed,msd_radix_sort,400,7,586.929,587.500,0.000,1924.000
reversed,msd_radix_sort_with_switch,400,7,174.271,141.400,1460.000,2551.000
reversed,standard_quicksort,500,7,1364.429,1166.100,59579.000,119158.000
reversed,standard_mergesort,500,7,405.514,342.000,3859.000,7718.000
reversed,ternary_string_quicksort,500,7,238.886,235.400,3645.000,4036.000
reversed,lcp_string_mergesort,500,7,3124.043,2878.400,1904.000,3808.000
reversed,msd_radix_sort,500,7,908.857,732.500,0.000,2404.000
reversed,msd_radix_sort_with_switch,500,7,253.443,221.300,1812.000,3177.000
reversed,standard_quicksort,600,7,1918.386,1766.100,80823.000,161646.000
reversed,standard_mergesort,600,7,472.114,496.100,4891.000,9782.000
reversed,ternary_string_quicksort,600,7,238.929,231.900,4472.000,4931.000
reversed,lcp_string_mergesort,600,7,3792.643,3295.800,2352.000,4704.000
reversed,msd_radix_sort,600,7,1128.343,899.100,0.000,2880.000
reversed,msd_radix_sort_with_switch,600,7,314.800,210.300,2170.000,3805.000
reversed,standard_quicksort,700,7,2025.343,1603.100,99276.000,198552.000
reversed,standard_mergesort,700,7,594.329,460.900,5888.000,11776.000
reversed,ternary_string_quicksort,700,7,419.429,290.000,5445.000,5990.000
reversed,lcp_string_mergesort,700,7,3868.543,3301.800,2819.000,5638.000
reversed,msd_radix_sort,700,7,909.643,848.000,0.000,3350.000
reversed,msd_radix_sort_with_switch,700,7,253.386,242.300,2539.000,4444.000
reversed,standard_quicksort,800,7,2865.757,2506.300,113504.000,227008.000
reversed,standard_mergesort,800,7,651.757,520.200,6670.000,13340.000
reversed,ternary_string_quicksort,800,7,368.586,324.200,6214.000,6829.000
reversed,lcp_string_mergesort,800,7,5445.314,4964.700,3133.000,6266.000
reversed,msd_radix_sort,800,7,1284.971,1240.300,0.000,3828.000
reversed,msd_radix_sort_with_switch,800,7,284.243,270.100,2898.000,5076.000
reversed,standard_quicksort,900,7,3251.914,2881.100,112825.000,225650.000
reversed,standard_mergesort,900,7,655.557,618.100,7495.000,14990.000
reversed,ternary_string_quicksort,900,7,518.257,372.800,7067.000,7763.000
reversed,lcp_string_mergesort,900,7,6110.271,5470.200,3496.000,6992.000
reversed,msd_radix_sort,900,7,1333.471,1050.100,0.000,4328.000
reversed,msd_radix_sort_with_switch,900,7,312.214,277.000,3280.000,5733.000
reversed,standard_quicksort,1000,7,2252.171,2034.200,116358.000,232716.000
reversed,standard_mergesort,1000,7,1164.514,1082.900,8194.000,16388.000
reversed,ternary_string_quicksort,1000,7,418.257,413.400,8039.000,8813.000
reversed,lcp_string_mergesort,1000,7,6759.900,6144.400,3816.000,7632.000
reversed,msd_radix_sort,1000,7,1523.043,1506.500,0.000,4800.000
reversed,msd_radix_sort_with_switch,1000,7,796.500,744.100,3649.000,6373.000
reversed,standard_quicksort,1100,7,2989.229,2637.200,132640.000,265280.000
reversed,standard_mergesort,1100,7,2201.271,1382.700,9333.000,18666.000
reversed,ternary_string_quicksort,1100,7,579.557,475.800,9056.000,9890.000
reversed,lcp_string_mergesort,1100,7,9254.029,8762.500,4321.000,8642.000
reversed,msd_radix_sort,1100,7,2647.943,2168.700,0.000,5278.000
reversed,msd_radix_sort_with_switch,1100,7,1304.414,1033.500,4035.000,7034.000
reversed,standard_quicksort,1200,7,2985.429,2894.600,155217.000,310434.000
reversed,standard_mergesort,1200,7,1430.071,1449.500,10428.000,20856.000
reversed,ternary_string_quicksort,1200,7,588.200,519.500,9966.000,10882.000
reversed,lcp_string_mergesort,1200,7,7618.729,7142.100,4755.000,9510.000
reversed,msd_radix_sort,1200,7,1857.471,1725.900,0.000,5754.000
reversed,msd_radix_sort_with_switch,1200,7,891.300,777.400,4399.000,7668.000
reversed,standard_quicksort,1300,7,2903.029,2721.300,173785.000,347570.000
reversed,standard_mergesort,1300,7,1379.700,1295.600,11377.000,22754.000
reversed,ternary_string_quicksort,1300,7,598.757,579.600,11001.000,12014.000
reversed,lcp_string_mergesort,1300,7,8868.257,8844.700,5161.000,10322.000
reversed,msd_radix_sort,1300,7,1997.129,1929.200,0.000,6254.000
reversed,msd_radix_sort_with_switch,1300,7,1022.529,912.800,4769.000,8313.000
reversed,standard_quicksort,1400,7,4366.386,4080.700,196221.000,392442.000
reversed,standard_mergesort,1400,7,1490.700,1367.600,12487.000,24974.000
reversed,ternary_string_quicksort,1400,7,562.900,497.800,11995.000,13072.000
reversed,lcp_string_mergesort,1400,7,9129.471,8942.100,5634.000,11268.000
reversed,msd_radix_sort,1400,7,2632.414,2436.100,0.000,6742.000
reversed,msd_radix_sort_with_switch,1400,7,1148.786,945.300,5144.000,8960.000
reversed,standard_quicksort,1500,7,5451.186,5510.900,219142.000,438284.000
reversed,standard_mergesort,1500,7,1471.643,1294.000,13286.000,26572.000
reversed,ternary_string_quicksort,1500,7,607.029,554.800,12937.000,14097.000
reversed,lcp_string_mergesort,1500,7,15731.086,15921.200,5949.000,11898.000
reversed,msd_radix_sort,1500,7,3920.829,3917.700,0.000,7214.000
reversed,msd_radix_sort_with_switch,1500,7,998.357,840.700,5505.000,9591.000
reversed,standard_quicksort,1600,7,7108.100,6845.600,230793.000,461586.000
reversed,standard_mergesort,1600,7,1518.629,1307.100,14206.000,28412.000
reversed,ternary_string_quicksort,1600,7,663.986,603.500,13948.000,15184.000
reversed,lcp_string_mergesort,1600,7,22273.929,21957.200,6347.000,12694.000
reversed,msd_radix_sort,1600,7,4777.729,4297.700,0.000,7706.000
reversed,msd_radix_sort_with_switch,1600,7,897.129,874.400,5901.000,10262.000
reversed,standard_quicksort,1700,7,4397.943,3946.600,233478.000,466956.000
reversed,standard_mergesort,1700,7,1458.386,1437.800,15141.000,30282.000
reversed,ternary_string_quicksort,1700,7,1137.700,639.900,15031.000,16344.000
reversed,lcp_string_mergesort,1700,7,28252.243,28559.300,6709.000,13418.000
reversed,msd_radix_sort,1700,7,3960.029,3640.500,0.000,8192.000
reversed,msd_radix_sort_with_switch,1700,7,980.471,1000.400,6251.000,10884.000
reversed,standard_quicksort,1800,7,7640.571,6933.900,232305.000,464610.000
reversed,standard_mergesort,1800,7,1641.171,1619.100,15924.000,31848.000
reversed,ternary_string_quicksort,1800,7,728.700,663.900,15841.000,17244.000
reversed,lcp_string_mergesort,1800,7,38812.786,35435.900,7053.000,14106.000
reversed,msd_radix_sort,1800,7,6203.914,5279.700,0.000,8654.000
reversed,msd_radix_sort_with_switch,1800,7,1246.757,937.000,6625.000,11528.000
reversed,standard_quicksort,1900,7,6950.643,6690.400,234461.000,468922.000
reversed,standard_mergesort,1900,7,1612.329,1482.900,16713.000,33426.000
reversed,ternary_string_quicksort,1900,7,1056.057,854.000,16850.000,18307.000
reversed,lcp_string_mergesort,1900,7,49832.714,47776.800,7357.000,14714.000
reversed,msd_radix_sort,1900,7,5317.800,4933.100,0.000,9160.000
reversed,msd_radix_sort_with_switch,1900,7,1247.786,1071.400,6992.000,12171.000
reversed,standard_quicksort,2000,7,6673.057,6595.700,238324.000,476648.000
reversed,standard_mergesort,2000,7,1651.929,1581.300,17374.000,34748.000
reversed,ternary_string_quicksort,2000,7,854.929,759.300,17934.000,19477.000
reversed,lcp_string_mergesort,2000,7,55986.129,56096.200,7623.000,15246.000
reversed,msd_radix_sort,2000,7,5735.686,5780.800,0.000,9630.000
reversed,msd_radix_sort_with_switch,2000,7,1119.886,1137.400,7335.000,12782.000
reversed,standard_quicksort,2100,7,9858.986,9771.400,250630.000,501260.000
reversed,standard_mergesort,2100,7,1776.929,1706.400,18414.000,36828.000
reversed,ternary_string_quicksort,2100,7,845.914,775.700,18930.000,20538.000
reversed,lcp_string_mergesort,2100,7,71118.143,70230.200,8095.000,16190.000
reversed,msd_radix_sort,2100,7,8309.743,8192.100,0.000,10108.000
reversed,msd_radix_sort_with_switch,2100,7,1087.686,1071.500,7703.000,13421.000
reversed,standard_quicksort,2200,7,11820.529,11785.200,272172.000,544344.000
reversed,standard_mergesort,2200,7,2364.829,2345.000,19727.000,39454.000
reversed,ternary_string_quicksort,2200,7,1180.443,1074.100,20121.000,21811.000
reversed,lcp_string_mergesort,2200,7,87913.100,80224.900,8613.000,17226.000
reversed,msd_radix_sort,2200,7,9667.000,9188.000,0.000,10568.000
reversed,msd_radix_sort_with_switch,2200,7,1252.400,1187.800,8048.000,14031.000
reversed,standard_quicksort,2300,7,17072.771,16945.400,294366.000,588732.000
reversed,standard_mergesort,2300,7,2543.900,1860.100,20866.000,41732.000
reversed,ternary_string_quicksort,2300,7,996.200,884.400,21141.000,22923.000
reversed,lcp_string_mergesort,2300,7,87975.557,83340.900,9062.000,18124.000
reversed,msd_radix_sort,2300,7,15511.014,14668.400,0.000,11064.000
reversed,msd_radix_sort_with_switch,2300,7,1581.986,1217.100,8424.000,14681.000
reversed,standard_quicksort,2400,7,627236.371,584542.700,318746.000,637492.000
reversed,standard_mergesort,2400,7,1951.771,1904.800,22152.000,44304.000
reversed,ternary_string_quicksort,2400,7,1976.243,1188.600,22170.000,24013.000
reversed,lcp_string_mergesort,2400,7,98031.871,93963.500,9572.000,19144.000
reversed,msd_radix_sort,2400,7,420633.929,415010.900,0.000,11564.000
reversed,msd_radix_sort_with_switch,2400,7,2845.886,1993.500,8829.000,15364.000
reversed,standard_quicksort,2500,7,633404.529,616029.200,339285.000,678570.000
reversed,standard_mergesort,2500,7,2284.600,2235.200,23031.000,46062.000
reversed,ternary_string_quicksort,2500,7,1463.443,1264.800,23323.000,25252.000
reversed,lcp_string_mergesort,2500,7,88219.657,88591.400,9853.000,19706.000
reversed,msd_radix_sort,2500,7,405577.443,393918.800,0.000,12062.000
reversed,msd_radix_sort_with_switch,2500,7,2505.300,2016.100,9185.000,15991.000
reversed,standard_quicksort,2600,7,587993.529,587112.300,362619.000,725238.000
reversed,standard_mergesort,2600,7,2481.886,2294.900,24084.000,48168.000
reversed,ternary_string_quicksort,2600,7,1353.657,1110.900,24758.000,26767.000
reversed,lcp_string_mergesort,2600,7,83264.586,83910.800,10324.000,20648.000
reversed,msd_radix_sort,2600,7,413176.029,413833.300,0.000,12540.000
reversed,msd_radix_sort_with_switch,2600,7,2043.357,1982.800,9582.000,16661.000
reversed,standard_quicksort,2700,7,592682.629,594971.600,383095.000,766190.000
reversed,standard_mergesort,2700,7,2395.214,2192.400,25280.000,50560.000
reversed,ternary_string_quicksort,2700,7,1605.843,1373.500,25668.000,27763.000
reversed,lcp_string_mergesort,2700,7,83852.400,78619.100,10829.000,21658.000
reversed,msd_radix_sort,2700,7,408528.157,381744.800,0.000,13020.000
reversed,msd_radix_sort_with_switch,2700,7,2069.014,1741.000,9958.000,17308.000
reversed,standard_quicksort,2800,7,637760.771,628531.500,405485.000,810970.000
reversed,standard_mergesort,2800,7,2402.714,2242.700,26395.000,52790.000
reversed,ternary_string_quicksort,2800,7,1420.371,1402.200,26704.000,28848.000
reversed,lcp_string_mergesort,2800,7,86336.371,86358.000,11344.000,22688.000
reversed,msd_radix_sort,2800,7,344168.657,346855.900,0.000,13482.000
reversed,msd_radix_sort_with_switch,2800,7,2173.143,1923.600,10317.000,17933.000
reversed,standard_quicksort,2900,7,600793.600,602470.000,430911.000,861822.000
reversed,standard_mergesort,2900,7,2243.071,2136.900,27244.000,54488.000
reversed,ternary_string_quicksort,2900,7,1623.771,1601.300,27983.000,30228.000
reversed,lcp_string_mergesort,2900,7,100091.957,96039.600,11577.000,23154.000
reversed,msd_radix_sort,2900,7,362178.086,351580.400,0.000,13976.000
reversed,msd_radix_sort_with_switch,2900,7,1985.371,1891.800,10691.000,18580.000
reversed,standard_quicksort,3000,7,598709.529,590905.500,449833.000,899666.000
reversed,standard_mergesort,3000,7,3144.243,2538.300,28066.000,56132.000
reversed,ternary_string_quicksort,3000,7,1444.157,1234.000,28826.000,31124.000
reversed,lcp_string_mergesort,3000,7,104505.586,106730.700,11862.000,23724.000
reversed,msd_radix_sort,3000,7,329332.586,333795.300,0.000,14484.000
reversed,msd_radix_sort_with_switch,3000,7,2495.143,2471.700,11082.000,19245.000
almost_sorted,standard_quicksort,100,7,193.629,193.600,14310.000,28620.000
almost_sorted,standard_mergesort,100,7,62.543,43.500,707.000,1414.000
almost_sorted,ternary_string_quicksort,100,7,34.729,30.200,536.000,617.000
almost_sorted,lcp_string_mergesort,100,7,1045.986,630.500,387.000,774.000
almost_sorted,msd_radix_sort,100,7,217.614,187.400,0.000,508.000
almost_sorted,msd_radix_sort_with_switch,100,7,128.243,82.100,364.000,640.000
almost_sorted,standard_quicksort,200,7,1851.071,1276.400,27858.000,55716.000
almost_sorted,standard_mergesort,200,7,216.429,156.700,1422.000,2844.000
almost_sorted,ternary_string_quicksort,200,7,137.786,127.400,1279.000,1448.000
almost_sorted,lcp_string_mergesort,200,7,2525.829,1188.000,737.000,1474.000
almost_sorted,msd_radix_sort,200,7,483.971,365.900,0.000,1002.000
almost_sorted,msd_radix_sort_with_switch,200,7,125.257,126.600,767.000,1322.000
almost_sorted,standard_quicksort,300,7,638.900,603.500,38349.000,76698.000
almost_sorted,standard_mergesort,300,7,204.171,181.900,2295.000,4590.000
almost_sorted,ternary_string_quicksort,300,7,146.229,147.500,2088.000,2325.000
almost_sorted,lcp_string_mergesort,300,7,1881.257,1768.500,1149.000,2298.000
almost_sorted,msd_radix_sort,300,7,626.543,417.100,0.000,1464.000
almost_sorted,msd_radix_sort_with_switch,300,7,148.657,120.100,1138.000,1964.000
almost_sorted,standard_quicksort,400,7,1013.857,922.800,59058.000,118116.000
almost_sorted,standard_mergesort,400,7,319.114,314.300,3100.000,6200.000
almost_sorted,ternary_string_quicksort,400,7,169.843,150.700,2821.000,3132.000
almost_sorted,lcp_string_mergesort,400,7,3027.857,2309.800,1532.000,3064.000
almost_sorted,msd_radix_sort,400,7,484.929,478.500,0.000,1944.000
almost_sorted,msd_radix_sort_with_switch,400,7,355.786,184.400,1546.000,2653.000
almost_sorted,standard_quicksort,500,7,1879.600,1706.500,58983.000,117966.000
almost_sorted,standard_mergesort,500,7,366.971,338.900,4109.000,8218.000
almost_sorted,ternary_string_quicksort,500,7,237.214,199.100,3636.000,4031.000
almost_sorted,lcp_string_mergesort,500,7,4389.114,4006.600,1990.000,3980.000
almost_sorted,msd_radix_sort,500,7,833.486,708.200,0.000,2422.000
almost_sorted,msd_radix_sort_with_switch,500,7,312.300,235.700,1949.000,3328.000
almost_sorted,standard_quicksort,600,7,1729.686,1472.000,81118.000,162236.000
almost_sorted,standard_mergesort,600,7,468.700,395.400,4847.000,9694.000
almost_sorted,ternary_string_quicksort,600,7,240.343,238.600,4600.000,5070.000
almost_sorted,lcp_string_mergesort,600,7,4125.700,3856.100,2336.000,4672.000
almost_sorted,msd_radix_sort,600,7,924.086,830.700,0.000,2920.000
almost_sorted,msd_radix_sort_with_switch,600,7,314.186,275.200,2322.000,3975.000
almost_sorted,standard_quicksort,700,7,2418.657,2383.900,101362.000,202724.000
almost_sorted,standard_mergesort,700,7,556.657,458.700,5698.000,11396.000
almost_sorted,ternary_string_quicksort,700,7,321.843,293.500,5522.000,6080.000
almost_sorted,lcp_string_mergesort,700,7,4658.571,4430.100,2711.000,5422.000
almost_sorted,msd_radix_sort,700,7,1252.871,1140.000,0.000,3418.000
almost_sorted,msd_radix_sort_with_switch,700,7,413.571,297.400,2734.000,4662.000
almost_sorted,standard_quicksort,800,7,3025.486,2583.900,119197.000,238394.000
almost_sorted,standard_mergesort,800,7,681.629,539.800,6556.000,13112.000
almost_sorted,ternary_string_quicksort,800,7,482.757,330.100,6327.000,6958.000
almost_sorted,lcp_string_mergesort,800,7,5554.200,4993.000,3082.000,6164.000
almost_sorted,msd_radix_sort,800,7,1988.314,1567.400,0.000,3916.000
almost_sorted,msd_radix_sort_with_switch,800,7,448.529,270.700,3102.000,5306.000
almost_sorted,standard_quicksort,900,7,3790.814,2491.000,119475.000,238950.000
almost_sorted,standard_mergesort,900,7,744.314,585.600,7526.000,15052.000
almost_sorted,ternary_string_quicksort,900,7,349.929,308.200,7200.000,7913.000
almost_sorted,lcp_string_mergesort,900,7,6261.000,5583.700,3537.000,7074.000
almost_sorted,msd_radix_sort,900,7,1759.629,1495.300,0.000,4374.000
almost_sorted,msd_radix_sort_with_switch,900,7,326.471,344.600,3453.000,5929.000
almost_sorted,standard_quicksort,1000,7,2307.829,2217.500,122271.000,244542.000
almost_sorted,standard_mergesort,1000,7,1213.314,1037.000,8575.000,17150.000
almost_sorted,ternary_string_quicksort,1000,7,423.157,354.600,8166.000,8951.000
almost_sorted,lcp_string_mergesort,1000,7,7339.714,7032.800,3955.000,7910.000
almost_sorted,msd_radix_sort,1000,7,1622.157,1661.000,0.000,4854.000
almost_sorted,msd_radix_sort_with_switch,1000,7,1004.400,736.900,3851.000,6598.000
almost_sorted,standard_quicksort,1100,7,2834.714,2392.000,135919.000,271838.000
almost_sorted,standard_mergesort,1100,7,1195.986,1176.200,9352.000,18704.000
almost_sorted,ternary_string_quicksort,1100,7,456.514,412.300,9135.000,9988.000
almost_sorted,lcp_string_mergesort,1100,7,7255.886,7360.700,4307.000,8614.000
almost_sorted,msd_radix_sort,1100,7,1945.229,1913.800,0.000,5324.000
almost_sorted,msd_radix_sort_with_switch,1100,7,1149.157,780.500,4196.000,7212.000
almost_sorted,standard_quicksort,1200,7,4203.671,3773.700,162271.000,324542.000
almost_sorted,standard_mergesort,1200,7,1323.057,1287.200,10047.000,20094.000
almost_sorted,ternary_string_quicksort,1200,7,483.800,472.900,10115.000,11044.000
almost_sorted,lcp_string_mergesort,1200,7,8391.614,8451.100,4548.000,9096.000
almost_sorted,msd_radix_sort,1200,7,4004.643,3011.200,0.000,5828.000
almost_sorted,msd_radix_sort_with_switch,1200,7,1400.571,1414.500,4598.000,7893.000
almost_sorted,standard_quicksort,1300,7,5308.671,4623.000,180031.000,360062.000
almost_sorted,standard_mergesort,1300,7,1621.643,1370.400,11158.000,22316.000
almost_sorted,ternary_string_quicksort,1300,7,537.157,563.900,11011.000,12010.000
almost_sorted,lcp_string_mergesort,1300,7,9672.457,9446.600,5127.000,10254.000
almost_sorted,msd_radix_sort,1300,7,3241.243,2950.100,0.000,6292.000
almost_sorted,msd_radix_sort_with_switch,1300,7,978.157,878.900,4951.000,8513.000
almost_sorted,standard_quicksort,1400,7,6058.943,5834.000,203403.000,406806.000
almost_sorted,standard_mergesort,1400,7,1450.900,1380.600,11928.000,23856.000
almost_sorted,ternary_string_quicksort,1400,7,621.186,504.700,12130.000,13220.000
almost_sorted,lcp_string_mergesort,1400,7,9921.829,9934.500,5382.000,10764.000
almost_sorted,msd_radix_sort,1400,7,4053.843,3613.900,0.000,6776.000
almost_sorted,msd_radix_sort_with_switch,1400,7,929.457,929.600,5344.000,9180.000
almost_sorted,standard_quicksort,1500,7,6399.229,5568.500,226317.000,452634.000
almost_sorted,standard_mergesort,1500,7,1333.029,1330.900,12882.000,25764.000
almost_sorted,ternary_string_quicksort,1500,7,774.314,600.000,13028.000,14204.000
almost_sorted,lcp_string_mergesort,1500,7,21872.814,21081.200,5781.000,11562.000
almost_sorted,msd_radix_sort,1500,7,5042.443,4779.600,0.000,7270.000
almost_sorted,msd_radix_sort_with_switch,1500,7,1090.100,863.500,5716.000,9828.000
almost_sorted,standard_quicksort,1600,7,5895.000,5816.800,236630.000,473260.000
almost_sorted,standard_mergesort,1600,7,1738.614,1678.000,13879.000,27758.000
almost_sorted,ternary_string_quicksort,1600,7,664.243,642.900,14152.000,15405.000
almost_sorted,lcp_string_mergesort,1600,7,26675.014,25707.200,6201.000,12402.000
almost_sorted,msd_radix_sort,1600,7,3351.529,3297.800,0.000,7742.000
almost_sorted,msd_radix_sort_with_switch,1600,7,964.600,901.100,6104.000,10486.000
almost_sorted,standard_quicksort,1700,7,8170.357,8228.000,237262.000,474524.000
almost_sorted,standard_mergesort,1700,7,1971.100,1380.900,14892.000,29784.000
almost_sorted,ternary_string_quicksort,1700,7,887.071,767.300,15045.000,16378.000
almost_sorted,lcp_string_mergesort,1700,7,41102.057,38908.400,6623.000,13246.000
almost_sorted,msd_radix_sort,1700,7,9128.514,8516.400,0.000,8226.000
almost_sorted,msd_radix_sort_with_switch,1700,7,1458.857,1377.900,6477.000,11131.000
almost_sorted,standard_quicksort,1800,7,9568.843,8781.400,242662.000,485324.000
almost_sorted,standard_mergesort,1800,7,2295.886,2024.400,15937.000,31874.000
almost_sorted,ternary_string_quicksort,1800,7,845.786,823.300,16096.000,17504.000
almost_sorted,lcp_string_mergesort,1800,7,42872.186,39471.600,7012.000,14024.000
almost_sorted,msd_radix_sort,1800,7,6804.114,5493.300,0.000,8730.000
almost_sorted,msd_radix_sort_with_switch,1800,7,1177.157,1164.700,6870.000,11803.000
almost_sorted,standard_quicksort,1900,7,4027.429,4044.400,233515.000,467030.000
almost_sorted,standard_mergesort,1900,7,1969.500,1714.700,17060.000,34120.000
almost_sorted,ternary_string_quicksort,1900,7,843.271,737.700,17119.000,18616.000
almost_sorted,lcp_string_mergesort,1900,7,53259.500,51844.700,7530.000,15060.000
almost_sorted,msd_radix_sort,1900,7,8833.229,7202.100,0.000,9206.000
almost_sorted,msd_radix_sort_with_switch,1900,7,1266.600,1101.100,7233.000,12435.000
almost_sorted,standard_quicksort,2000,7,6832.314,7299.000,242289.000,484578.000
almost_sorted,standard_mergesort,2000,7,1728.986,1604.100,18159.000,36318.000
almost_sorted,ternary_string_quicksort,2000,7,920.543,924.900,18324.000,19887.000
almost_sorted,lcp_string_mergesort,2000,7,59615.743,57787.000,7917.000,15834.000
almost_sorted,msd_radix_sort,2000,7,3883.257,2976.500,0.000,9680.000
almost_sorted,msd_radix_sort_with_switch,2000,7,1479.186,1563.800,7621.000,13094.000
almost_sorted,standard_quicksort,2100,7,10443.671,10068.300,251579.000,503158.000
almost_sorted,standard_mergesort,2100,7,2243.457,2180.600,19096.000,38192.000
almost_sorted,ternary_string_quicksort,2100,7,1391.200,801.200,19138.000,20764.000
almost_sorted,lcp_string_mergesort,2100,7,70748.600,72287.400,8330.000,16660.000
almost_sorted,msd_radix_sort,2100,7,8356.314,7345.800,0.000,10152.000
almost_sorted,msd_radix_sort_with_switch,2100,7,1204.429,1174.800,7993.000,13740.000
almost_sorted,standard_quicksort,2200,7,9854.900,9734.600,274327.000,548654.000
almost_sorted,standard_mergesort,2200,7,2321.843,1949.300,19829.000,39658.000
almost_sorted,ternary_string_quicksort,2200,7,1227.957,1055.300,20330.000,22058.000
almost_sorted,lcp_string_mergesort,2200,7,80685.771,73185.200,8637.000,17274.000
almost_sorted,msd_radix_sort,2200,7,7501.914,7259.500,0.000,10656.000
almost_sorted,msd_radix_sort_with_switch,2200,7,1279.900,1188.400,8397.000,14424.000
almost_sorted,standard_quicksort,2300,7,17642.700,16969.800,298360.000,596720.000
almost_sorted,standard_mergesort,2300,7,2504.786,2008.800,20552.000,41104.000
almost_sorted,ternary_string_quicksort,2300,7,1156.457,1179.600,21334.000,23140.000
almost_sorted,lcp_string_mergesort,2300,7,89757.271,84740.400,8871.000,17742.000
almost_sorted,msd_radix_sort,2300,7,19921.329,20132.400,0.000,11134.000
almost_sorted,msd_radix_sort_with_switch,2300,7,1731.029,1913.700,8778.000,15077.000
almost_sorted,standard_quicksort,2400,7,625393.757,607065.800,318761.000,637522.000
almost_sorted,standard_mergesort,2400,7,2529.471,1921.000,21396.000,42792.000
almost_sorted,ternary_string_quicksort,2400,7,1278.514,1233.200,22391.000,24267.000
almost_sorted,lcp_string_mergesort,2400,7,107848.529,94853.600,9234.000,18468.000
almost_sorted,msd_radix_sort,2400,7,497799.314,496932.400,0.000,11604.000
almost_sorted,msd_radix_sort_with_switch,2400,7,2618.357,2496.400,9151.000,15723.000
almost_sorted,standard_quicksort,2500,7,708152.886,731027.500,335599.000,671198.000
almost_sorted,standard_mergesort,2500,7,2181.829,1955.100,22232.000,44464.000
almost_sorted,ternary_string_quicksort,2500,7,1219.100,1280.300,23608.000,25551.000
almost_sorted,lcp_string_mergesort,2500,7,99580.071,98461.000,9514.000,19028.000
almost_sorted,msd_radix_sort,2500,7,433823.229,407051.100,0.000,12076.000
almost_sorted,msd_radix_sort_with_switch,2500,7,2188.543,2027.800,9511.000,16359.000
almost_sorted,standard_quicksort,2600,7,604224.729,589080.700,362103.000,724206.000
almost_sorted,standard_mergesort,2600,7,2155.043,2130.700,23422.000,46844.000
almost_sorted,ternary_string_quicksort,2600,7,1389.643,1103.700,24734.000,26736.000
almost_sorted,lcp_string_mergesort,2600,7,103027.514,90917.200,10124.000,20248.000
almost_sorted,msd_radix_sort,2600,7,392206.257,383252.200,0.000,12560.000
almost_sorted,msd_radix_sort_with_switch,2600,7,2005.086,1790.100,9912.000,17038.000
almost_sorted,standard_quicksort,2700,7,602580.843,601353.900,385548.000,771096.000
almost_sorted,standard_mergesort,2700,7,2811.886,2653.500,24259.000,48518.000
almost_sorted,ternary_string_quicksort,2700,7,1336.843,1378.500,25691.000,27769.000
almost_sorted,lcp_string_mergesort,2700,7,96785.429,89592.000,10392.000,20784.000
almost_sorted,msd_radix_sort,2700,7,362695.214,360667.000,0.000,13028.000
almost_sorted,msd_radix_sort_with_switch,2700,7,4032.314,1982.000,10281.000,17680.000
almost_sorted,standard_quicksort,2800,7,596031.586,579559.800,402414.000,804828.000
almost_sorted,standard_mergesort,2800,7,3306.071,3499.300,25237.000,50474.000
almost_sorted,ternary_string_quicksort,2800,7,1362.043,1436.200,26848.000,28996.000
almost_sorted,lcp_string_mergesort,2800,7,87397.586,86188.900,10794.000,21588.000
almost_sorted,msd_radix_sort,2800,7,441147.157,398846.600,0.000,13490.000
almost_sorted,msd_radix_sort_with_switch,2800,7,2848.557,1934.900,10663.000,18333.000
almost_sorted,standard_quicksort,2900,7,600807.729,584774.400,431691.000,863382.000
almost_sorted,standard_mergesort,2900,7,2374.257,2176.100,26148.000,52296.000
almost_sorted,ternary_string_quicksort,2900,7,1773.529,1687.500,27981.000,30244.000
almost_sorted,lcp_string_mergesort,2900,7,114507.614,108937.400,11156.000,22312.000
almost_sorted,msd_radix_sort,2900,7,335636.629,327461.200,0.000,13986.000
almost_sorted,msd_radix_sort_with_switch,2900,7,1769.243,1703.100,11025.000,18972.000
almost_sorted,standard_quicksort,3000,7,568016.571,567715.000,451911.000,903822.000
almost_sorted,standard_mergesort,3000,7,2801.686,2554.800,27255.000,54510.000
almost_sorted,ternary_string_quicksort,3000,7,1334.957,1256.400,29106.000,31425.000
almost_sorted,lcp_string_mergesort,3000,7,121535.014,99407.500,11607.000,23214.000
almost_sorted,msd_radix_sort,3000,7,323623.729,316078.100,0.000,14484.000
almost_sorted,msd_radix_sort_with_switch,3000,7,2308.700,1874.600,11427.000,19648.000
common_prefix,standard_quicksort,100,7,555.271,555.300,51108.000,102216.000
common_prefix,standard_mergesort,100,7,418.043,424.800,22738.000,45476.000
common_prefix,ternary_string_quicksort,100,7,1228.886,118.900,4601.000,4728.000
common_prefix,lcp_string_mergesort,100,7,741.757,463.700,4465.000,8930.000
common_prefix,msd_radix_sort,100,7,2210.271,1587.500,0.000,8366.000
common_prefix,msd_radix_sort_with_switch,100,7,1085.271,959.900,63.000,8305.000
common_prefix,standard_quicksort,200,7,2297.829,2195.700,104493.000,208986.000
common_prefix,standard_mergesort,200,7,805.314,621.700,53590.000,107180.000
common_prefix,ternary_string_quicksort,200,7,309.157,218.000,9516.000,9722.000
common_prefix,lcp_string_mergesort,200,7,1301.443,1094.000,9136.000,18272.000
common_prefix,msd_radix_sort,200,7,1764.257,1630.400,0.000,16790.000
common_prefix,msd_radix_sort_with_switch,200,7,1013.443,987.000,215.000,16727.000
common_prefix,standard_quicksort,300,7,2472.357,2110.500,165393.000,330786.000
common_prefix,standard_mergesort,300,7,1171.371,991.900,87105.000,174210.000
common_prefix,ternary_string_quicksort,300,7,910.857,413.600,14250.000,14543.000
common_prefix,lcp_string_mergesort,300,7,1983.200,1772.100,13882.000,27764.000
common_prefix,msd_radix_sort,300,7,2495.857,2245.600,0.000,25232.000
common_prefix,msd_radix_sort_with_switch,300,7,1867.300,1403.500,436.000,25222.000
common_prefix,standard_quicksort,400,7,3714.014,2696.300,220717.000,441434.000
common_prefix,standard_mergesort,400,7,1541.900,1272.800,122429.000,244858.000
common_prefix,ternary_string_quicksort,400,7,735.443,598.900,18960.000,19324.000
common_prefix,lcp_string_mergesort,400,7,2587.686,2267.600,18649.000,37298.000
common_prefix,msd_radix_sort,400,7,2656.557,2172.500,0.000,33666.000
common_prefix,msd_radix_sort_with_switch,400,7,1800.571,1845.100,689.000,33742.000
common_prefix,standard_quicksort,500,7,4404.314,4291.200,285455.000,570910.000
common_prefix,standard_mergesort,500,7,1939.843,1805.500,159062.000,318124.000
common_prefix,ternary_string_quicksort,500,7,897.857,716.800,24411.000,24855.000
common_prefix,lcp_string_mergesort,500,7,3372.714,3065.100,23449.000,46898.000
common_prefix,msd_radix_sort,500,7,3346.171,2870.600,0.000,42102.000
common_prefix,msd_radix_sort_with_switch,500,7,2295.600,2057.300,1035.000,42359.000
common_prefix,standard_quicksort,600,7,5771.271,4424.700,342577.000,685154.000
common_prefix,standard_mergesort,600,7,2889.529,2225.200,198876.000,397752.000
common_prefix,ternary_string_quicksort,600,7,1294.100,834.000,28892.000,29397.000
common_prefix,lcp_string_mergesort,600,7,5162.529,3717.500,28324.000,56648.000
common_prefix,msd_radix_sort,600,7,4617.614,4037.500,0.000,50548.000
common_prefix,msd_radix_sort_with_switch,600,7,2867.300,2710.900,1392.000,50996.000
common_prefix,standard_quicksort,700,7,5794.857,5634.200,453501.000,907002.000
common_prefix,standard_mergesort,700,7,2994.443,2951.700,236894.000,473788.000
common_prefix,ternary_string_quicksort,700,7,885.757,785.800,33859.000,34443.000
common_prefix,lcp_string_mergesort,700,7,5387.357,5707.600,33207.000,66414.000
common_prefix,msd_radix_sort,700,7,4499.514,4269.900,0.000,59022.000
common_prefix,msd_radix_sort_with_switch,700,7,3774.000,3129.700,1700.000,59567.000
common_prefix,standard_quicksort,800,7,7661.886,6936.200,493217.000,986434.000
common_prefix,standard_mergesort,800,7,3944.371,3268.700,277737.000,555474.000
common_prefix,ternary_string_quicksort,800,7,1715.943,1599.200,39142.000,39806.000
common_prefix,lcp_string_mergesort,800,7,5898.114,5759.300,38055.000,76110.000
common_prefix,msd_radix_sort,800,7,4373.057,4293.700,0.000,67462.000
common_prefix,msd_radix_sort_with_switch,800,7,3643.271,3957.700,2139.000,68283.000
common_prefix,standard_quicksort,900,7,8044.400,8092.600,555925.000,1111850.000
common_prefix,standard_mergesort,900,7,3702.586,3659.500,318491.000,636982.000
common_prefix,ternary_string_quicksort,900,7,1266.829,1196.100,44464.000,45181.000
common_prefix,lcp_string_mergesort,900,7,6052.829,5842.400,42923.000,85846.000
common_prefix,msd_radix_sort,900,7,4711.800,4362.100,0.000,75904.000
common_prefix,msd_radix_sort_with_switch,900,7,3786.229,3886.500,2499.000,76911.000
common_prefix,standard_quicksort,1000,7,8801.929,8780.500,691108.000,1382216.000
common_prefix,standard_mergesort,1000,7,4013.000,3785.400,359264.000,718528.000
common_prefix,ternary_string_quicksort,1000,7,1523.300,1164.700,50074.000,50880.000
common_prefix,lcp_string_mergesort,1000,7,7082.300,6590.200,47815.000,95630.000
common_prefix,msd_radix_sort,1000,7,4918.443,4623.300,0.000,84370.000
common_prefix,msd_radix_sort_with_switch,1000,7,4429.829,4531.700,3054.000,85749.000
common_prefix,standard_quicksort,1100,7,10338.971,10477.600,704975.000,1409950.000
common_prefix,standard_mergesort,1100,7,5026.214,4498.600,402986.000,805972.000
common_prefix,ternary_string_quicksort,1100,7,1550.029,1581.100,54301.000,55179.000
common_prefix,lcp_string_mergesort,1100,7,8285.357,7976.900,52831.000,105662.000
common_prefix,msd_radix_sort,1100,7,5871.586,6067.000,0.000,92854.000
common_prefix,msd_radix_sort_with_switch,1100,7,4855.743,4790.100,3505.000,94464.000
common_prefix,standard_quicksort,1200,7,11476.229,11403.200,850727.000,1701454.000
common_prefix,standard_mergesort,1200,7,4789.086,4609.100,444979.000,889958.000
common_prefix,ternary_string_quicksort,1200,7,1557.429,1413.800,60359.000,61312.000
common_prefix,lcp_string_mergesort,1200,7,9006.157,8756.200,57702.000,115404.000
common_prefix,msd_radix_sort,1200,7,6491.543,6299.100,0.000,101322.000
common_prefix,msd_radix_sort_with_switch,1200,7,5366.057,5230.800,4037.000,103276.000
common_prefix,standard_quicksort,1300,7,12383.371,12393.200,933693.000,1867386.000
common_prefix,standard_mergesort,1300,7,8714.429,8901.900,488545.000,977090.000
common_prefix,ternary_string_quicksort,1300,7,3059.900,1939.400,65626.000,66673.000
common_prefix,lcp_string_mergesort,1300,7,10985.071,9999.700,62630.000,125260.000
common_prefix,msd_radix_sort,1300,7,8899.086,7670.100,0.000,109798.000
common_prefix,msd_radix_sort_with_switch,1300,7,7949.743,7211.900,4451.000,111970.000
common_prefix,standard_quicksort,1400,7,17970.343,15303.900,914644.000,1829288.000
common_prefix,standard_mergesort,1400,7,8632.714,9436.800,532343.000,1064686.000
common_prefix,ternary_string_quicksort,1400,7,3055.200,2857.900,69963.000,71075.000
common_prefix,lcp_string_mergesort,1400,7,15238.671,15636.900,67631.000,135262.000
common_prefix,msd_radix_sort,1400,7,7444.757,7677.100,0.000,118278.000
common_prefix,msd_radix_sort_with_switch,1400,7,6312.914,6207.400,4900.000,120684.000
common_prefix,standard_quicksort,1500,7,16811.643,15115.900,1034838.000,2069676.000
common_prefix,standard_mergesort,1500,7,7299.600,6390.700,576413.000,1152826.000
common_prefix,ternary_string_quicksort,1500,7,2258.757,1793.300,75829.000,77021.000
common_prefix,lcp_string_mergesort,1500,7,26961.429,26196.600,72570.000,145140.000
common_prefix,msd_radix_sort,1500,7,10492.443,10487.500,0.000,126756.000
common_prefix,msd_radix_sort_with_switch,1500,7,8707.286,8573.100,5341.000,129426.000
common_prefix,standard_quicksort,1600,7,19804.743,18211.500,1062257.000,2124514.000
common_prefix,standard_mergesort,1600,7,12145.614,11892.100,622630.000,1245260.000
common_prefix,ternary_string_quicksort,1600,7,2923.500,2885.800,80884.000,82154.000
common_prefix,lcp_string_mergesort,1600,7,47542.614,46199.900,77575.000,155150.000
common_prefix,msd_radix_sort,1600,7,15635.529,15440.100,0.000,135242.000
common_prefix,msd_radix_sort_with_switch,1600,7,7648.714,7128.700,5754.000,138121.000
common_prefix,standard_quicksort,1700,7,16629.871,15526.700,1143732.000,2287464.000
common_prefix,standard_mergesort,1700,7,9416.300,8369.800,668192.000,1336384.000
common_prefix,ternary_string_quicksort,1700,7,3432.814,3527.100,86076.000,87431.000
common_prefix,lcp_string_mergesort,1700,7,50427.043,47264.400,82572.000,165144.000
common_prefix,msd_radix_sort,1700,7,11053.971,11019.500,0.000,143746.000
common_prefix,msd_radix_sort_with_switch,1700,7,7853.386,7711.900,6395.000,147033.000
common_prefix,standard_quicksort,1800,7,16193.586,15671.600,1218306.000,2436612.000
common_prefix,standard_mergesort,1800,7,11904.029,13116.800,712743.000,1425486.000
common_prefix,ternary_string_quicksort,1800,7,2845.314,2730.500,91809.000,93213.000
common_prefix,lcp_string_mergesort,1800,7,70147.314,73863.200,87509.000,175018.000
common_prefix,msd_radix_sort,1800,7,11959.114,11862.900,0.000,152226.000
common_prefix,msd_radix_sort_with_switch,1800,7,8188.057,8278.600,6835.000,155756.000
common_prefix,standard_quicksort,1900,7,19960.957,19608.900,1393569.000,2787138.000
common_prefix,standard_mergesort,1900,7,11112.443,8758.700,757335.000,1514670.000
common_prefix,ternary_string_quicksort,1900,7,3774.414,4036.300,97984.000,99469.000
common_prefix,lcp_string_mergesort,1900,7,69450.329,67395.900,92488.000,184976.000
common_prefix,msd_radix_sort,1900,7,12470.757,12212.600,0.000,160694.000
common_prefix,msd_radix_sort_with_switch,1900,7,8275.600,8526.000,7429.000,164621.000
common_prefix,standard_quicksort,2000,7,17119.971,16193.000,1390526.000,2781052.000
common_prefix,standard_mergesort,2000,7,9159.129,8912.000,802672.000,1605344.000
common_prefix,ternary_string_quicksort,2000,7,2738.714,2403.100,100374.000,101951.000
common_prefix,lcp_string_mergesort,2000,7,91263.543,93180.300,97463.000,194926.000
common_prefix,msd_radix_sort,2000,7,22838.771,22351.500,0.000,169204.000
common_prefix,msd_radix_sort_with_switch,2000,7,13852.786,14002.900,7914.000,173374.000
common_prefix,standard_quicksort,2100,7,29472.686,26298.800,1549824.000,3099648.000
common_prefix,standard_mergesort,2100,7,11864.286,10458.400,849040.000,1698080.000
common_prefix,ternary_string_quicksort,2100,7,4010.986,3338.100,107478.000,109116.000
common_prefix,lcp_string_mergesort,2100,7,107674.086,103398.500,102517.000,205034.000
common_prefix,msd_radix_sort,2100,7,20812.014,19689.400,0.000,177742.000
common_prefix,msd_radix_sort_with_switch,2100,7,10892.286,10031.300,8628.000,182363.000
common_prefix,standard_quicksort,2200,7,32632.943,35858.000,1554742.000,3109484.000
common_prefix,standard_mergesort,2200,7,15270.486,16350.800,897655.000,1795310.000
common_prefix,ternary_string_quicksort,2200,7,4081.629,4573.200,111771.000,113502.000
common_prefix,lcp_string_mergesort,2200,7,112616.700,107474.700,107550.000,215100.000
common_prefix,msd_radix_sort,2200,7,374980.471,358211.500,0.000,186274.000
common_prefix,msd_radix_sort_with_switch,2200,7,37846.129,38134.500,9114.000,191140.000
common_prefix,standard_quicksort,2300,7,778570.771,848274.900,1615677.000,3231354.000
common_prefix,standard_mergesort,2300,7,13986.071,13582.800,945259.000,1890518.000
common_prefix,ternary_string_quicksort,2300,7,3446.686,3528.900,115457.000,117276.000
common_prefix,lcp_string_mergesort,2300,7,111785.386,113054.700,112571.000,225142.000
common_prefix,msd_radix_sort,2300,7,391734.357,388104.400,0.000,194810.000
common_prefix,msd_radix_sort_with_switch,2300,7,36217.871,35247.400,9874.000,200188.000
common_prefix,standard_quicksort,2400,7,872259.114,878735.100,1774942.000,3549884.000
common_prefix,standard_mergesort,2400,7,14218.957,13072.800,991950.000,1983900.000
common_prefix,ternary_string_quicksort,2400,7,3731.157,3852.600,123802.000,125714.000
common_prefix,lcp_string_mergesort,2400,7,115546.729,112467.100,117506.000,235012.000
common_prefix,msd_radix_sort,2400,7,372814.200,369798.200,0.000,203344.000
common_prefix,msd_radix_sort_with_switch,2400,7,42170.743,38079.000,10296.000,208880.000
common_prefix,standard_quicksort,2500,7,811605.771,795273.100,1790634.000,3581268.000
common_prefix,standard_mergesort,2500,7,14408.700,13251.000,1041992.000,2083984.000
common_prefix,ternary_string_quicksort,2500,7,3949.243,3749.400,126515.000,128510.000
common_prefix,lcp_string_mergesort,2500,7,113365.700,111957.000,122609.000,245218.000
common_prefix,msd_radix_sort,2500,7,380921.771,349658.200,0.000,211842.000
common_prefix,msd_radix_sort_with_switch,2500,7,42717.900,42708.100,11102.000,217971.000
common_prefix,standard_quicksort,2600,7,806149.329,800889.900,2050703.000,4101406.000
common_prefix,standard_mergesort,2600,7,15515.700,12923.100,1085886.000,2171772.000
common_prefix,ternary_string_quicksort,2600,7,4644.657,4327.500,135711.000,137776.000
common_prefix,lcp_string_mergesort,2600,7,146249.943,143656.600,127584.000,255168.000
common_prefix,msd_radix_sort,2600,7,368938.257,375496.000,0.000,220348.000
common_prefix,msd_radix_sort_with_switch,2600,7,38586.843,35787.900,11958.000,227099.000
common_prefix,standard_quicksort,2700,7,784433.171,759702.300,2017903.000,4035806.000
common_prefix,standard_mergesort,2700,7,13252.071,12094.900,1132737.000,2265474.000
common_prefix,ternary_string_quicksort,2700,7,5050.514,4405.300,141914.000,144066.000
common_prefix,lcp_string_mergesort,2700,7,148030.829,144056.300,132573.000,265146.000
common_prefix,msd_radix_sort,2700,7,316396.371,311869.100,0.000,228878.000
common_prefix,msd_radix_sort_with_switch,2700,7,32740.200,31147.600,12408.000,235832.000
common_prefix,standard_quicksort,2800,7,750893.657,720796.500,2019385.000,4038770.000
common_prefix,standard_mergesort,2800,7,16715.629,14568.400,1182249.000,2364498.000
common_prefix,ternary_string_quicksort,2800,7,4422.471,3575.400,142199.000,144425.000
common_prefix,lcp_string_mergesort,2800,7,174716.314,172531.600,137676.000,275352.000
common_prefix,msd_radix_sort,2800,7,295783.714,287040.500,0.000,237396.000
common_prefix,msd_radix_sort_with_switch,2800,7,35236.757,30292.100,12700.000,244428.000
common_prefix,standard_quicksort,2900,7,697114.957,694716.300,2205908.000,4411816.000
common_prefix,standard_mergesort,2900,7,16168.371,14077.900,1231811.000,2463622.000
common_prefix,ternary_string_quicksort,2900,7,4622.057,3734.100,150349.000,152667.000
common_prefix,lcp_string_mergesort,2900,7,205939.557,197577.700,142726.000,285452.000
common_prefix,msd_radix_sort,2900,7,271419.657,257656.900,0.000,245952.000
common_prefix,msd_radix_sort_with_switch,2900,7,28009.757,28975.300,13239.000,253240.000
common_prefix,standard_quicksort,3000,7,691963.500,695591.900,2354643.000,4709286.000
common_prefix,standard_mergesort,3000,7,16677.014,15724.400,1280590.000,2561180.000
common_prefix,ternary_string_quicksort,3000,7,5096.843,4918.100,155157.000,157549.000
common_prefix,lcp_string_mergesort,3000,7,202182.100,202159.200,147774.000,295548.000
common_prefix,msd_radix_sort,3000,7,239998.014,238915.400,0.000,254482.000
common_prefix,msd_radix_sort_with_switch,3000,7,33284.871,31855.200,13759.000,262045.000
